playername,TRB,AST,STL,BLK,PTS,fame,now,WS,MP
Larry Nance,8640.0,2740.0,1071.0,2249.0,17765.0,0,1,7.24117647059,35788.0
Tim Hardaway,3795.0,8439.0,1757.0,199.0,20339.0,0,1,4.98571428571,41335.0
Gary Payton*,5603.0,9629.0,2578.0,305.0,23447.0,1,1,8.13684210526,50325.0
John Wallace,1061.0,281.0,134.0,216.0,2901.0,0,1,0.914285714286,6143.0
Vince Carter,6816.0,4983.0,1597.0,878.0,27463.0,0,1,5.9,48014.0
Dirk Nowitzki,10893.0,3496.0,1158.0,1218.0,30260.0,0,1,10.5947368421,48673.0
Jason Terry,3226.0,5356.0,1560.0,262.0,18715.0,0,1,5.62777777778,41220.0
Jamal Crawford,2957.0,4411.0,1161.0,263.0,19364.0,0,1,3.29473684211,38603.0
Tyson Chandler,9676.0,871.0,587.0,1277.0,9002.0,0,1,6.04375,29372.0
Pau Gasol,11102.0,3846.0,607.0,1945.0,21247.0,0,1,8.07222222222,41180.0
Mike James,1968.0,2938.0,684.0,55.0,8290.0,0,1,1.6,20788.0
Richard Jefferson,4921.0,2485.0,822.0,365.0,15452.0,0,1,4.78888888889,35878.0
Joe Johnson,5435.0,5415.0,1173.0,277.0,21606.0,0,1,4.385,47648.0
Tony Parker,3218.0,6634.0,1003.0,90.0,18522.0,0,1,6.80625,36205.0
Zach Randolph,10315.0,2025.0,835.0,307.0,18762.0,0,1,4.60555555556,34865.0
Manu Ginobili,3555.0,3838.0,1349.0,303.0,13467.0,0,1,6.95333333333,25560.0
Nene Hilario,5819.0,1728.0,1037.0,731.0,10953.0,0,1,4.22941176471,25043.0
Carmelo Anthony,6992.0,3278.0,1098.0,517.0,26126.0,0,1,6.5625,38085.0
Udonis Haslem,5701.0,721.0,421.0,247.0,6478.0,0,1,3.64285714286,21372.0
LeBron James,7707.0,7461.0,1749.0,817.0,28787.0,0,1,14.6857142857,41272.0
Kyle Korver,3554.0,2088.0,798.0,402.0,11713.0,0,1,4.06111111111,30800.0
Zaza Pachulia,5729.0,1233.0,699.0,344.0,6774.0,0,1,3.35714285714,20390.0
Dwyane Wade,4397.0,5173.0,1500.0,800.0,21317.0,0,1,8.37142857143,32352.0
David West,6352.0,2135.0,717.0,775.0,13539.0,0,1,5.89285714286,28145.0
Tony Allen,2837.0,1068.0,1147.0,334.0,6551.0,0,1,2.98461538462,17782.0
Trevor Ariza,4546.0,1954.0,1414.0,304.0,9603.0,0,1,3.22941176471,27084.0
Nick Collison,4680.0,935.0,446.0,469.0,5328.0,0,1,3.40769230769,18528.0
Luol Deng,5756.0,2206.0,926.0,445.0,14213.0,0,1,5.19333333333,32749.0
Devin Harris,2254.0,4467.0,1076.0,183.0,11599.0,0,1,3.57058823529,25828.0
Dwight Howard,12089.0,1426.0,931.0,1916.0,16652.0,0,1,9.36153846154,33291.0
Andre Iguodala,5133.0,4396.0,1548.0,463.0,12683.0,0,1,6.85384615385,33834.0
Al Jefferson,7547.0,1317.0,612.0,1070.0,14091.0,0,1,5.33846153846,25815.0
Shaun Livingston,2005.0,2594.0,592.0,307.0,5317.0,0,1,1.68333333333,17574.0
Jameer Nelson,2637.0,4582.0,791.0,70.0,10216.0,0,1,3.06875,24933.0
J.R. Smith,3033.0,2107.0,976.0,212.0,12242.0,0,1,3.26,25810.0
Josh Smith,7371.0,3156.0,1204.0,1876.0,14353.0,0,1,3.3375,32168.0
Damien Wilkins,1346.0,787.0,429.0,129.0,3571.0,0,1,1.35555555556,10839.0
Andrew Bogut,6197.0,1569.0,448.0,1095.0,6812.0,0,1,3.60714285714,20095.0
Jose Calderon,2254.0,5522.0,742.0,75.0,8520.0,0,1,3.975,24796.0
Raymond Felton,2945.0,5466.0,1211.0,196.0,11310.0,0,1,3.05714285714,29822.0
Channing Frye,4049.0,877.0,462.0,550.0,7818.0,0,1,3.1,19936.0
Gerald Green,1389.0,560.0,286.0,161.0,5393.0,0,1,1.18333333333,10986.0
Jarrett Jack,2469.0,3846.0,702.0,109.0,9618.0,0,1,2.72142857143,24314.0
Amir Johnson,4214.0,895.0,464.0,782.0,5559.0,0,1,4.175,16623.0
C.J. Miles,1752.0,811.0,528.0,214.0,7006.0,0,1,2.19166666667,14928.0
Chris Paul,3684.0,8251.0,1911.0,90.0,15610.0,0,1,12.8916666667,29646.0
Lou Williams,1840.0,2514.0,772.0,159.0,11446.0,0,1,3.83571428571,20430.0
Marvin Williams,4584.0,1125.0,661.0,448.0,9122.0,0,1,4.48333333333,24891.0
LaMarcus Aldridge,6590.0,1510.0,611.0,828.0,15136.0,0,1,7.88181818182,27568.0
J.J. Barea,1399.0,2513.0,269.0,18.0,5977.0,0,1,1.70909090909,13482.0
Rudy Gay,5350.0,2120.0,1215.0,725.0,16683.0,0,1,3.73333333333,32033.0
Ersan Ilyasova,4507.0,921.0,543.0,283.0,8520.0,0,1,3.3,18886.0
Kyle Lowry,3099.0,4398.0,1049.0,208.0,10746.0,0,1,5.64615384615,23737.0
Paul Millsap,6254.0,1922.0,1100.0,868.0,11890.0,0,1,7.21818181818,24683.0
J.J. Redick,1495.0,1572.0,361.0,61.0,9314.0,0,1,3.91538461538,19544.0
Rajon Rondo,3856.0,6613.0,1375.0,103.0,8214.0,0,1,4.22307692308,25063.0
Thabo Sefolosha,3117.0,1222.0,891.0,382.0,4789.0,0,1,2.82307692308,18664.0
P.J. Tucker,2860.0,750.0,619.0,123.0,3741.0,0,1,3.1,13878.0
Arron Afflalo,2357.0,1485.0,378.0,140.0,9054.0,0,1,3.00833333333,22649.0
Marco Belinelli,1321.0,1080.0,375.0,44.0,6209.0,0,1,2.35,14903.0
Corey Brewer,2687.0,1503.0,1183.0,254.0,8401.0,0,1,1.53125,21916.0
Aaron Brooks,1360.0,2485.0,469.0,113.0,7839.0,0,1,1.54666666667,17088.0
Wilson Chandler,3223.0,1045.0,435.0,436.0,8315.0,0,1,2.49090909091,18431.0
Mike Conley,2062.0,4011.0,1055.0,137.0,10050.0,0,1,6.28,22985.0
Jared Dudley,2732.0,1256.0,691.0,144.0,6492.0,0,1,3.5,18921.0
Kevin Durant,5031.0,2663.0,840.0,738.0,19121.0,0,1,11.99,26278.0
Marcin Gortat,6154.0,769.0,373.0,895.0,7845.0,0,1,5.11666666667,19897.0
Jeff Green,4340.0,1515.0,709.0,504.0,12633.0,0,1,3.05333333333,29028.0
Al Horford,5608.0,1926.0,534.0,784.0,9240.0,0,1,7.06,21535.0
Ian Mahinmi,2047.0,230.0,263.0,341.0,2421.0,0,1,2.37777777778,7902.0
Josh McRoberts,2011.0,1042.0,254.0,221.0,2734.0,0,1,1.725,9752.0
Joakim Noah,5789.0,1807.0,511.0,840.0,5557.0,0,1,5.96,17863.0
Ramon Sessions,2363.0,3606.0,579.0,62.0,9149.0,0,1,2.35,20836.0
Jason Smith,1970.0,425.0,202.0,389.0,3599.0,0,1,1.54444444444,9554.0
Brandan Wright,1875.0,239.0,246.0,510.0,3522.0,0,1,2.27142857143,8396.0
Nick Young,1433.0,705.0,400.0,144.0,8483.0,0,1,1.575,16718.0
Thaddeus Young,4776.0,1307.0,1182.0,321.0,11136.0,0,1,4.19166666667,25028.0
Ryan Anderson,3021.0,505.0,304.0,195.0,7316.0,0,1,4.7,14708.0
Darrell Arthur,1753.0,400.0,301.0,304.0,3228.0,0,1,1.5625,8804.0
D.J. Augustin,1544.0,3355.0,522.0,35.0,8388.0,0,1,2.86666666667,20471.0
Nicolas Batum,3341.0,2304.0,594.0,426.0,7600.0,0,1,5.22222222222,19893.0
Jerryd Bayless,1403.0,1961.0,427.0,79.0,5710.0,0,1,1.66923076923,14086.0
Michael Beasley,2387.0,640.0,301.0,261.0,6411.0,0,1,1.44444444444,11973.0
Bobby Brown,186.0,424.0,73.0,8.0,1214.0,0,1,-0.314285714286,3023.0
Mario Chalmers,1585.0,2445.0,959.0,102.0,5864.0,0,1,3.55,17197.0
Goran Dragic,2312.0,3669.0,806.0,149.0,10429.0,0,1,3.98461538462,21741.0
Danilo Gallinari,2457.0,1003.0,426.0,229.0,8023.0,0,1,4.7,16426.0
Marc Gasol,4893.0,2086.0,594.0,971.0,9592.0,0,1,7.73333333333,21721.0
Eric Gordon,1251.0,1559.0,491.0,159.0,8151.0,0,1,2.91111111111,16471.0
George Hill,1924.0,2002.0,555.0,176.0,7039.0,0,1,5.98888888889,17357.0
DeAndre Jordan,6817.0,440.0,410.0,1207.0,6151.0,0,1,7.44444444444,18621.0
Kosta Koufos,2933.0,243.0,239.0,481.0,3440.0,0,1,2.17272727273,9812.0
Courtney Lee,2210.0,1375.0,840.0,242.0,8131.0,0,1,3.29230769231,23162.0
Brook Lopez,4005.0,867.0,328.0,972.0,10444.0,0,1,5.52222222222,18118.0
Robin Lopez,3468.0,429.0,164.0,796.0,5483.0,0,1,4.24444444444,14353.0
Kevin Love,6612.0,1368.0,404.0,275.0,10593.0,0,1,7.84444444444,18774.0
JaVale McGee,3022.0,189.0,219.0,930.0,4663.0,0,1,2.13076923077,10507.0
Derrick Rose,1735.0,2799.0,372.0,172.0,9155.0,0,1,4.3,16292.0
Marreese Speights,3128.0,469.0,205.0,387.0,5848.0,0,1,2.54545454545,11265.0
Anthony Tolliver,2392.0,616.0,256.0,209.0,4226.0,0,1,1.85384615385,13249.0
Russell Westbrook,4149.0,5293.0,1154.0,197.0,15156.0,0,1,8.86666666667,22786.0
DeMarre Carroll,1632.0,491.0,439.0,108.0,3453.0,0,1,1.88333333333,9900.0
Omri Casspi,2152.0,622.0,347.0,109.0,4302.0,0,1,1.50909090909,11342.0
Darren Collison,1476.0,2716.0,617.0,82.0,7149.0,0,1,4.425,16635.0
Dante Cunningham,2467.0,450.0,447.0,336.0,4004.0,0,1,2.24,14022.0
Stephen Curry,2502.0,3916.0,1029.0,121.0,13088.0,0,1,10.5375,19897.0
DeMar DeRozan,2424.0,1661.0,570.0,163.0,11456.0,0,1,5.55,20275.0
Wayne Ellington,1258.0,664.0,296.0,37.0,4483.0,0,1,1.39,12043.0
Tyreke Evans,2391.0,2541.0,654.0,196.0,8042.0,0,1,2.46,16021.0
Taj Gibson,4176.0,650.0,351.0,777.0,6333.0,0,1,4.17,16646.0
Danny Green,1603.0,761.0,474.0,374.0,4155.0,0,1,3.7875,11762.0
James Harden,3093.0,3526.0,904.0,274.0,13618.0,0,1,11.4,20688.0
Jrue Holiday,1800.0,3147.0,732.0,197.0,7191.0,0,1,3.3125,16257.0
Serge Ibaka,4951.0,459.0,306.0,1548.0,8400.0,0,1,5.78,19943.0
Jonas Jerebko,2271.0,458.0,317.0,141.0,3479.0,0,1,2.5,10201.0
James Johnson,1773.0,955.0,400.0,497.0,3840.0,0,1,1.76,10177.0
Wesley Matthews,1872.0,1272.0,660.0,114.0,8257.0,0,1,5.3125,19357.0
Jodie Meeks,1081.0,544.0,401.0,36.0,4731.0,0,1,2.28,11606.0
Patty Mills,675.0,957.0,283.0,26.0,3464.0,0,1,2.5,7482.0
Jeff Teague,1445.0,3310.0,713.0,205.0,7545.0,0,1,5.1625,16175.0
Garrett Temple,784.0,658.0,328.0,107.0,2078.0,0,1,0.6,7336.0
Cole Aldrich,1236.0,189.0,140.0,255.0,1138.0,0,1,1.13333333333,3728.0
Al-Farouq Aminu,2948.0,639.0,494.0,307.0,3766.0,0,1,2.5,12520.0
Omer Asik,3315.0,277.0,165.0,335.0,2457.0,0,1,2.98571428571,9034.0
Luke Babbitt,751.0,193.0,82.0,51.0,1559.0,0,1,0.885714285714,4617.0
Eric Bledsoe,1583.0,1924.0,583.0,204.0,5480.0,0,1,3.31428571429,11309.0
Trevor Booker,2613.0,484.0,328.0,256.0,3251.0,0,1,3.31428571429,9714.0
Avery Bradley,1264.0,702.0,446.0,87.0,5008.0,0,1,2.07142857143,11619.0
DeMarcus Cousins,6067.0,1800.0,786.0,668.0,12250.0,0,1,4.94444444444,18035.0
Jordan Crawford,1196.0,1493.0,320.0,37.0,5593.0,0,1,0.927272727273,11385.0
Ed Davis,3522.0,462.0,293.0,535.0,3901.0,0,1,4.0,11667.0
Derrick Favors,3847.0,549.0,417.0,693.0,6012.0,0,1,4.04444444444,13883.0
Paul George,2816.0,1419.0,738.0,194.0,8090.0,0,1,6.35714285714,14692.0
Blake Griffin,4423.0,1954.0,455.0,269.0,10117.0,0,1,8.9,16567.0
Gordon Hayward,2148.0,1762.0,527.0,215.0,8077.0,0,1,6.15714285714,16164.0
Wesley Johnson,1636.0,561.0,378.0,328.0,3704.0,0,1,1.28571428571,11452.0
Jeremy Lin,1159.0,1807.0,471.0,162.0,4842.0,0,1,3.04285714286,10757.0
Greg Monroe,4707.0,1216.0,614.0,332.0,7572.0,0,1,6.47142857143,15955.0
Timofey Mozgov,2839.0,309.0,182.0,492.0,3889.0,0,1,2.15454545455,10391.0
Patrick Patterson,2910.0,737.0,369.0,326.0,5038.0,0,1,2.97272727273,14742.0
Quincy Pondexter,762.0,324.0,122.0,70.0,2004.0,0,1,1.71428571429,6835.0
Ish Smith,1460.0,2375.0,466.0,132.0,4231.0,0,1,0.347058823529,11487.0
Lance Stephenson,1760.0,1273.0,294.0,60.0,3801.0,0,1,1.325,10626.0
Evan Turner,3076.0,2230.0,510.0,136.0,6750.0,0,1,1.92222222222,17505.0
Ekpe Udoh,1114.0,236.0,164.0,426.0,1412.0,0,1,1.11428571429,5854.0
John Wall,2217.0,4610.0,870.0,322.0,9419.0,0,1,5.77142857143,18031.0
Hassan Whiteside,2474.0,93.0,130.0,568.0,2942.0,0,1,5.06,5891.0
Bismack Biyombo,2945.0,189.0,117.0,667.0,2176.0,0,1,3.0,9557.0
Alec Burks,877.0,534.0,184.0,46.0,3034.0,0,1,1.61666666667,6618.0
Jimmy Butler,1921.0,1254.0,583.0,183.0,6208.0,0,1,8.21666666667,12880.0
Kenneth Faried,3480.0,432.0,322.0,356.0,4858.0,0,1,5.76666666667,10539.0
Tobias Harris,2965.0,846.0,377.0,274.0,7024.0,0,1,3.47,14889.0
Kyrie Irving,1290.0,2114.0,504.0,127.0,8232.0,0,1,6.73333333333,13024.0
Reggie Jackson,1552.0,2210.0,357.0,57.0,6036.0,0,1,3.2625,12155.0
Cory Joseph,821.0,904.0,232.0,71.0,2479.0,0,1,2.53333333333,7083.0
Enes Kanter,3668.0,324.0,204.0,226.0,6194.0,0,1,4.1125,11614.0
Kawhi Leonard,2469.0,903.0,704.0,280.0,6508.0,0,1,9.21666666667,12154.0
Jon Leuer,1334.0,290.0,130.0,95.0,2252.0,0,1,1.5375,5594.0
DeAndre Liggins,285.0,128.0,118.0,31.0,397.0,0,1,0.266666666667,1960.0
Shelvin Mack,795.0,1221.0,248.0,15.0,2685.0,0,1,0.854545454545,7255.0
E'Twaun Moore,667.0,648.0,229.0,95.0,2489.0,0,1,1.23333333333,7106.0
Marcus Morris,2044.0,709.0,346.0,124.0,5109.0,0,1,2.6125,12440.0
Markieff Morris,2862.0,883.0,485.0,306.0,6103.0,0,1,2.425,13430.0
Chandler Parsons,1805.0,1086.0,371.0,135.0,5086.0,0,1,4.66666666667,12005.0
Ricky Rubio,1498.0,2991.0,747.0,45.0,3653.0,0,1,3.88333333333,11217.0
Iman Shumpert,1500.0,839.0,514.0,106.0,3233.0,0,1,1.625,11006.0
Julyan Stone,48.0,51.0,12.0,6.0,61.0,0,1,0.233333333333,327.0
Isaiah Thomas,1293.0,2562.0,488.0,51.0,9538.0,0,1,6.4375,14940.0
Lance Thomas,911.0,258.0,138.0,42.0,1966.0,0,1,0.5,6579.0
Klay Thompson,1554.0,1045.0,422.0,251.0,8854.0,0,1,6.1,15182.0
Tristan Thompson,4027.0,385.0,240.0,364.0,4378.0,0,1,5.8,13381.0
Nikola Vucevic,3954.0,812.0,325.0,358.0,5807.0,0,1,4.68333333333,11912.0
Kemba Walker,1708.0,2381.0,606.0,175.0,8137.0,0,1,5.45,15008.0
Quincy Acy,1228.0,198.0,143.0,143.0,1607.0,0,1,1.13333333333,5315.0
Harrison Barnes,1819.0,564.0,285.0,78.0,4605.0,0,1,4.44,11425.0
Will Barton,1277.0,662.0,258.0,121.0,3253.0,0,1,1.47142857143,7305.0
Aron Baynes,1212.0,157.0,57.0,124.0,1544.0,0,1,2.34,4150.0
Kent Bazemore,1088.0,630.0,344.0,153.0,2992.0,0,1,1.18571428571,7459.0
Bradley Beal,1152.0,1003.0,334.0,97.0,5728.0,0,1,4.38,10774.0
Patrick Beverley,1186.0,980.0,366.0,118.0,2708.0,0,1,3.92,8290.0
Jae Crowder,1755.0,632.0,464.0,146.0,4041.0,0,1,3.64285714286,10544.0
Anthony Davis,3404.0,590.0,436.0,793.0,7497.0,0,1,9.74,11531.0
Andre Drummond,4946.0,276.0,476.0,580.0,5120.0,0,1,7.24,11439.0
Evan Fournier,824.0,691.0,255.0,16.0,3918.0,0,1,2.6,8392.0
Draymond Green,2684.0,1627.0,540.0,415.0,3566.0,0,1,6.58,10627.0
Maurice Harkless,1326.0,311.0,351.0,226.0,2646.0,0,1,2.52,8278.0
John Henson,1622.0,314.0,135.0,480.0,2418.0,0,1,2.76,5994.0
Justin Holiday,492.0,277.0,172.0,87.0,1403.0,0,1,0.833333333333,3984.0
Michael Kidd-Gilchrist,1805.0,369.0,211.0,227.0,2582.0,0,1,3.08,7668.0
Jeremy Lamb,830.0,316.0,148.0,87.0,2214.0,0,1,2.1,4688.0
Meyers Leonard,1166.0,246.0,49.0,103.0,1714.0,0,1,1.88,4963.0
Damian Lillard,1593.0,2446.0,368.0,110.0,8880.0,0,1,9.1,14399.0
Khris Middleton,1132.0,809.0,392.0,61.0,4070.0,0,1,3.6,9054.0
Darius Miller,131.0,89.0,42.0,21.0,320.0,0,1,0.4,1460.0
Kyle O'Quinn,1461.0,378.0,137.0,306.0,1760.0,0,1,2.2,4643.0
Miles Plumlee,1710.0,171.0,189.0,301.0,1787.0,0,1,1.35555555556,6245.0
Austin Rivers,833.0,900.0,263.0,65.0,3449.0,0,1,0.985714285714,9401.0
Terrence Ross,1221.0,450.0,390.0,157.0,4589.0,0,1,2.58571428571,11147.0
Mike Scott,836.0,257.0,88.0,32.0,1988.0,0,1,1.86,4322.0
Kyle Singler,1210.0,355.0,249.0,131.0,2783.0,0,1,1.72857142857,9478.0
Mirza Teletovic,1019.0,263.0,100.0,81.0,2565.0,0,1,1.7,5606.0
Jonas Valanciunas,3085.0,240.0,136.0,387.0,4160.0,0,1,6.72,9483.0
Dion Waiters,1084.0,1072.0,424.0,110.0,5378.0,0,1,1.21428571429,11780.0
Tyler Zeller,1487.0,316.0,88.0,203.0,2384.0,0,1,2.76,6048.0
Steven Adams,2003.0,257.0,208.0,310.0,2343.0,0,1,4.975,7371.0
Giannis Antetokounmpo,2193.0,1136.0,358.0,410.0,4737.0,0,1,6.725,10106.0
Vander Blue,12.0,9.0,3.0,0.0,27.0,0,1,-0.15,89.0
Lorenzo Brown,105.0,142.0,44.0,10.0,206.0,0,1,-0.0666666666667,834.0
Reggie Bullock,286.0,84.0,57.0,14.0,516.0,0,1,0.433333333333,1967.0
Trey Burke,571.0,972.0,153.0,32.0,2832.0,0,1,1.475,6619.0
Dwight Buycks,35.0,24.0,11.0,0.0,95.0,0,1,0.05,269.0
Kentavious Caldwell-Pope,941.0,495.0,367.0,59.0,3665.0,0,1,3.6,9488.0
Isaiah Canaan,421.0,392.0,144.0,23.0,1992.0,0,1,0.816666666667,4686.0
Michael Carter-Williams,1571.0,1719.0,470.0,167.0,4019.0,0,1,0.716666666667,9207.0
Ian Clark,241.0,193.0,82.0,29.0,945.0,0,1,0.583333333333,2271.0
Robert Covington,1176.0,304.0,331.0,140.0,2681.0,0,1,2.3,6012.0
Allen Crabbe,523.0,237.0,138.0,52.0,1878.0,0,1,2.45,5142.0
Troy Daniels,227.0,116.0,44.0,9.0,1187.0,0,1,0.428571428571,2528.0
Dewayne Dedmon,1272.0,76.0,89.0,201.0,1052.0,0,1,1.5,3660.0
Matthew Dellavedova,558.0,1085.0,154.0,16.0,1804.0,0,1,2.25,6504.0
Gorgui Dieng,2141.0,486.0,283.0,367.0,2639.0,0,1,4.675,7884.0
Rudy Gobert,2633.0,304.0,166.0,579.0,2484.0,0,1,7.6,7268.0
Shane Larkin,398.0,639.0,214.0,22.0,1168.0,0,1,1.0,4105.0
Alex Len,1657.0,177.0,113.0,283.0,1834.0,0,1,1.975,5261.0
C.J. McCollum,689.0,717.0,226.0,75.0,4128.0,0,1,3.9,7025.0
Ben McLemore,754.0,352.0,203.0,53.0,2742.0,0,1,1.0,7476.0
Shabazz Muhammad,694.0,137.0,72.0,21.0,2290.0,0,1,1.925,4354.0
Mike Muscala,528.0,161.0,62.0,97.0,903.0,0,1,1.775,2519.0
Victor Oladipo,1267.0,1080.0,443.0,131.0,4618.0,0,1,3.425,9661.0
Kelly Olynyk,1309.0,471.0,194.0,128.0,2628.0,0,1,3.675,5756.0
Mason Plumlee,2660.0,928.0,320.0,387.0,3670.0,0,1,4.6,9398.0
Otto Porter,1184.0,316.0,273.0,104.0,2469.0,0,1,4.425,6632.0
Andre Roberson,1002.0,211.0,219.0,160.0,1162.0,0,1,2.625,5614.0
Dennis Schroder,676.0,1258.0,210.0,29.0,3244.0,0,1,1.925,6263.0
Tony Snell,747.0,289.0,131.0,57.0,1802.0,0,1,1.95,6280.0
Jeff Withey,508.0,64.0,56.0,153.0,651.0,0,1,1.675,2033.0
Nate Wolters,217.0,229.0,51.0,19.0,501.0,0,1,0.225,1803.0
Cody Zeller,1575.0,362.0,193.0,211.0,2239.0,0,1,4.575,6402.0
Kyle Anderson,524.0,242.0,126.0,62.0,670.0,0,1,2.16666666667,2623.0
Tarik Black,1235.0,139.0,82.0,110.0,1274.0,0,1,1.86,3979.0
Bojan Bogdanovic,1022.0,389.0,131.0,28.0,3813.0,0,1,1.82,8135.0
Bruno Caboclo,14.0,5.0,4.0,3.0,27.0,0,1,-0.1,106.0
Clint Capela,1056.0,113.0,94.0,181.0,1392.0,0,1,3.46666666667,3112.0
Jordan Clarkson,750.0,611.0,227.0,27.0,3133.0,0,1,1.9,6425.0
Jack Cooley,25.0,1.0,6.0,3.0,27.0,0,1,0.2,87.0
Spencer Dinwiddie,229.0,311.0,66.0,29.0,635.0,0,1,1.0,1948.0
James Ennis,519.0,154.0,103.0,46.0,1059.0,0,1,1.15,3210.0
Tyler Ennis,237.0,413.0,113.0,15.0,904.0,0,1,0.1,2652.0
Tim Frazier,449.0,779.0,138.0,10.0,1100.0,0,1,0.585714285714,3485.0
Langston Galloway,790.0,543.0,221.0,46.0,2328.0,0,1,1.44,6480.0
Aaron Gordon,1081.0,311.0,144.0,117.0,1981.0,0,1,3.36666666667,4958.0
Jerami Grant,971.0,306.0,160.0,353.0,2034.0,0,1,1.68,6505.0
JaMychal Green,1007.0,159.0,102.0,77.0,1391.0,0,1,1.84,3875.0
Gary Harris,462.0,340.0,207.0,33.0,1971.0,0,1,2.63333333333,4940.0
Joe Harris,191.0,82.0,37.0,10.0,567.0,0,1,0.333333333333,1646.0
Rodney Hood,586.0,392.0,141.0,39.0,2330.0,0,1,3.6,5198.0
Joe Ingles,586.0,502.0,223.0,22.0,1319.0,0,1,3.16666666667,4886.0
Tyler Johnson,483.0,354.0,141.0,67.0,1506.0,0,1,2.86666666667,3644.0
Sean Kilpatrick,398.0,219.0,73.0,10.0,1631.0,0,1,0.7,3058.0
Joffrey Lauvergne,869.0,209.0,71.0,37.0,1308.0,0,1,1.08,3269.0
Zach LaVine,601.0,666.0,164.0,37.0,2817.0,0,1,1.63333333333,5945.0
Doug McDermott,596.0,181.0,44.0,17.0,2057.0,0,1,1.6,5198.0
Nikola Mirotic,1150.0,272.0,165.0,156.0,2354.0,0,1,4.46666666667,4979.0
Eric Moreland,12.0,1.0,0.0,4.0,10.0,0,1,0.0,50.0
Shabazz Napier,229.0,294.0,95.0,7.0,682.0,0,1,0.4,2124.0
Nerlens Noel,1741.0,350.0,381.0,344.0,2381.0,0,1,3.0,6370.0
Lucas Nogueira,300.0,50.0,66.0,102.0,324.0,0,1,1.46666666667,1336.0
Jusuf Nurkic,1491.0,336.0,176.0,260.0,2013.0,0,1,1.2,4432.0
Johnny O'Bryant,278.0,61.0,23.0,14.0,376.0,0,1,0.02,1385.0
Adreian Payne,468.0,96.0,62.0,36.0,621.0,0,1,-0.26,2099.0
Elfrid Payton,997.0,1530.0,319.0,80.0,2555.0,0,1,2.96666666667,7046.0
Dwight Powell,679.0,111.0,115.0,75.0,1095.0,0,1,1.78,2797.0
Julius Randle,1465.0,408.0,102.0,66.0,1896.0,0,1,1.66666666667,4432.0
JaKarr Sampson,543.0,169.0,84.0,92.0,1134.0,0,1,0.2,3451.0
Marcus Smart,783.0,757.0,315.0,70.0,1916.0,0,1,3.0,5874.0
Nik Stauskas,497.0,393.0,109.0,69.0,1692.0,0,1,0.8,5124.0
Noah Vonleh,778.0,65.0,61.0,62.0,693.0,0,1,1.16666666667,2698.0
T.J. Warren,571.0,144.0,131.0,64.0,1711.0,0,1,2.46666666667,3732.0
Andrew Wiggins,994.0,523.0,246.0,126.0,4995.0,0,1,3.46666666667,8862.0
Justin Anderson,622.0,161.0,101.0,71.0,1272.0,0,1,1.225,3103.0
Nemanja Bjelica,454.0,162.0,66.0,41.0,711.0,0,1,1.7,2265.0
Devin Booker,436.0,468.0,116.0,41.0,2774.0,0,1,1.95,4838.0
Willie Cauley-Stein,692.0,117.0,101.0,111.0,1074.0,0,1,3.4,2833.0
Pat Connaughton,84.0,38.0,8.0,2.0,134.0,0,1,0.2,459.0
Sam Dekker,285.0,76.0,39.0,21.0,504.0,0,1,1.55,1425.0
Cristiano Felicio,413.0,66.0,31.0,29.0,421.0,0,1,2.3,1361.0
Jerian Grant,254.0,297.0,97.0,18.0,796.0,0,1,1.65,2293.0
Montrezl Harrell,284.0,81.0,31.0,53.0,667.0,0,1,2.5,1443.0
Mario Hezonja,322.0,171.0,69.0,31.0,795.0,0,1,0.1,2373.0
Darrun Hilliard,78.0,60.0,20.0,3.0,279.0,0,1,0.15,764.0
Rondae Hollis-Jefferson,606.0,197.0,121.0,60.0,842.0,0,1,1.9,2376.0
Richaun Holmes,446.0,91.0,61.0,95.0,846.0,0,1,2.6,1895.0
Josh Huestis,19.0,3.0,1.0,5.0,28.0,0,1,0.1,86.0
R.J. Hunter,38.0,13.0,14.0,4.0,97.0,0,1,0.15,324.0
Stanley Johnson,495.0,223.0,111.0,36.0,932.0,0,1,0.5,3058.0
Nikola Jokic,1278.0,548.0,140.0,106.0,2017.0,0,1,8.2,3771.0
Tyus Jones,114.0,264.0,78.0,8.0,365.0,0,1,0.9,1347.0
Frank Kaminsky,671.0,260.0,85.0,77.0,1480.0,0,1,2.8,3662.0
Kevon Looney,134.0,29.0,14.0,17.0,144.0,0,1,0.75,468.0
Trey Lyles,534.0,129.0,52.0,38.0,928.0,0,1,1.55,2540.0
Boban Marjanovic,324.0,30.0,18.0,35.0,488.0,0,1,2.55,801.0
Jarell Martin,248.0,23.0,25.0,16.0,318.0,0,1,0.7,938.0
T.J. McConnell,501.0,901.0,229.0,20.0,1049.0,0,1,2.85,3739.0
Chris McCullough,106.0,13.0,32.0,16.0,184.0,0,1,0.125,522.0
Salah Mejri,431.0,24.0,40.0,97.0,338.0,0,1,2.15,1302.0
Jordan Mickey,47.0,8.0,3.0,17.0,59.0,0,1,0.1,198.0
Luis Montero,4.0,1.0,0.0,0.0,14.0,0,1,-0.2,42.0
Emmanuel Mudiay,410.0,589.0,106.0,48.0,1475.0,0,1,-0.95,3474.0
Raul Neto,150.0,208.0,83.0,7.0,576.0,0,1,1.25,1845.0
Jahlil Okafor,613.0,123.0,42.0,110.0,1518.0,0,1,1.2,2725.0
Kelly Oubre,393.0,60.0,80.0,24.0,737.0,0,1,1.25,2276.0
Bobby Portis,633.0,87.0,41.0,33.0,873.0,0,1,1.95,2102.0
Kristaps Porzingis,1001.0,191.0,100.0,264.0,2224.0,0,1,4.4,4211.0
Norman Powell,279.0,129.0,80.0,24.0,909.0,0,1,2.2,2093.0
Willie Reed,454.0,36.0,24.0,77.0,556.0,0,1,2.4,1457.0
Josh Richardson,275.0,213.0,96.0,64.0,880.0,0,1,2.35,2721.0
Terry Rozier,290.0,168.0,51.0,12.0,482.0,0,1,0.55,1574.0
D'Angelo Russell,496.0,569.0,180.0,29.0,2038.0,0,1,0.65,4070.0
Jonathon Simmons,256.0,184.0,71.0,30.0,814.0,0,1,2.0,2205.0
Karl-Anthony Towns,1865.0,381.0,115.0,241.0,3564.0,0,1,10.5,5657.0
Myles Turner,919.0,147.0,99.0,259.0,1792.0,0,1,5.55,3908.0
Rashad Vaughn,137.0,62.0,48.0,26.0,359.0,0,1,-0.4,1459.0
Briante Weber,102.0,84.0,42.0,8.0,186.0,0,1,0.1,748.0
Justise Winslow,497.0,183.0,95.0,32.0,698.0,0,1,1.2,2857.0
Delon Wright,85.0,88.0,35.0,14.0,253.0,0,1,0.85,675.0
Joe Young,67.0,80.0,19.0,0.0,222.0,0,1,-0.1,519.0
Alex Abrines,86.0,40.0,37.0,8.0,406.0,0,1,2.1,1055.0
Ron Baker,98.0,107.0,34.0,8.0,215.0,0,1,-0.1,857.0
Malik Beasley,17.0,11.0,7.0,0.0,83.0,0,1,0.2,165.0
DeAndre' Bembry,59.0,28.0,8.0,5.0,101.0,0,1,0.3,371.0
Dragan Bender,103.0,23.0,10.0,22.0,146.0,0,1,-0.3,574.0
Davis Bertans,99.0,46.0,20.0,28.0,303.0,0,1,2.3,808.0
Joel Bolomboy,17.0,2.0,1.0,2.0,22.0,0,1,0.2,53.0
Malcolm Brogdon,213.0,317.0,84.0,12.0,767.0,0,1,4.1,1982.0
Jaylen Brown,220.0,64.0,35.0,18.0,515.0,0,1,1.5,1341.0
Nicolas Brussino,95.0,47.0,17.0,8.0,150.0,0,1,0.6,521.0
Marquese Chriss,348.0,60.0,67.0,70.0,753.0,0,1,1.8,1743.0
Quinn Cook,14.0,52.0,8.0,0.0,158.0,0,1,0.133333333333,376.0
Deyonta Davis,60.0,2.0,3.0,17.0,58.0,0,1,0.5,238.0
Malcolm Delaney,124.0,193.0,39.0,1.0,391.0,0,1,0.1,1248.0
Cheick Diallo,73.0,4.0,4.0,7.0,87.0,0,1,0.5,199.0
Kris Dunn,166.0,188.0,78.0,36.0,293.0,0,1,0.1,1333.0
Henry Ellenson,41.0,7.0,1.0,1.0,60.0,0,1,-0.2,146.0
Joel Embiid,243.0,66.0,27.0,76.0,627.0,0,1,1.9,786.0
Kay Felder,41.0,58.0,18.0,7.0,166.0,0,1,0.0,386.0
Yogi Ferrell,222.0,344.0,84.0,18.0,924.0,0,1,1.2,2394.0
Dorian Finney-Smith,221.0,67.0,52.0,25.0,350.0,0,1,1.4,1642.0
Bryn Forbes,23.0,23.0,1.0,0.0,94.0,0,1,0.1,285.0
Marcus Georges-Hunt,9.0,3.0,1.0,0.0,14.0,0,1,0.1,48.0
Treveon Graham,22.0,6.0,6.0,1.0,57.0,0,1,0.4,189.0
Andrew Harrison,136.0,198.0,54.0,20.0,425.0,0,1,1.6,1474.0
Juan Hernangomez,187.0,29.0,29.0,12.0,305.0,0,1,1.8,842.0
Willy Hernangomez,502.0,96.0,41.0,36.0,587.0,0,1,3.4,1324.0
Buddy Hield,538.0,242.0,76.0,18.0,1732.0,0,1,0.866666666667,3776.0
Danuel House,1.0,0.0,0.0,0.0,0.0,0,1,0.0,1.0
Brandon Ingram,317.0,166.0,50.0,36.0,740.0,0,1,-0.3,2279.0
Demetrius Jackson,4.0,3.0,0.0,0.0,10.0,0,1,0.1,17.0
Brice Johnson,3.0,1.0,2.0,1.0,4.0,0,1,0.0,9.0
Damian Jones,23.0,0.0,1.0,4.0,19.0,0,1,0.0,85.0
Derrick Jones,79.0,12.0,14.0,13.0,168.0,0,1,1.1,545.0
Mindaugas Kuzminskas,126.0,69.0,29.0,11.0,425.0,0,1,1.2,1016.0
Skal Labissiere,162.0,27.0,16.0,13.0,289.0,0,1,1.3,612.0
Jake Layman,24.0,11.0,9.0,3.0,78.0,0,1,-0.3,249.0
Caris LeVert,188.0,110.0,49.0,8.0,468.0,0,1,1.8,1237.0
Timothe Luwawu-Cabarrot,149.0,75.0,32.0,10.0,445.0,0,1,0.8,1190.0
Thon Maker,114.0,23.0,10.0,26.0,226.0,0,1,1.3,562.0
Patrick McCaw,101.0,77.0,32.0,15.0,282.0,0,1,1.7,1074.0
Dejounte Murray,42.0,48.0,8.0,6.0,130.0,0,1,0.0,322.0
Jamal Murray,214.0,170.0,52.0,24.0,811.0,0,1,1.4,1764.0
David Nwaba,62.0,14.0,13.0,7.0,120.0,0,1,0.7,397.0
Georgios Papagiannis,86.0,20.0,3.0,17.0,124.0,0,1,0.4,355.0
Gary Payton,12.0,13.0,3.0,4.0,20.0,0,1,-0.2,99.0
Jakob Poeltl,165.0,12.0,17.0,20.0,165.0,0,1,1.6,626.0
Alex Poythress,29.0,5.0,3.0,2.0,64.0,0,1,0.3,157.0
Malachi Richardson,23.0,11.0,5.0,1.0,79.0,0,1,0.1,198.0
Domantas Sabonis,287.0,82.0,39.0,32.0,479.0,0,1,0.7,1632.0
Dario Saric,513.0,182.0,57.0,30.0,1040.0,0,1,1.0,2129.0
Tomas Satoransky,83.0,92.0,26.0,6.0,154.0,0,1,0.6,719.0
Wayne Selden,32.0,26.0,12.0,2.0,142.0,0,1,0.0666666666667,472.0
Pascal Siakam,185.0,17.0,26.0,45.0,229.0,0,1,1.6,859.0
Isaiah Taylor,3.0,3.0,1.0,1.0,3.0,0,1,0.0,52.0
Tyler Ulis,95.0,226.0,48.0,5.0,444.0,0,1,0.7,1123.0
Denzel Valentine,151.0,63.0,30.0,7.0,291.0,0,1,0.6,976.0
Fred VanVleet,42.0,35.0,17.0,2.0,107.0,0,1,0.3,294.0
Taurean Waller-Prince,157.0,55.0,43.0,27.0,335.0,0,1,1.1,981.0
Okaro White,82.0,21.0,10.0,10.0,98.0,0,1,0.6,471.0
Isaiah Whitehead,184.0,192.0,42.0,36.0,543.0,0,1,-0.8,1643.0
Troy Williams,138.0,50.0,54.0,20.0,370.0,0,1,0.2,1114.0
Paul Zipser,125.0,36.0,15.0,16.0,240.0,0,1,0.5,843.0
Ivica Zubac,159.0,30.0,14.0,33.0,284.0,0,1,1.1,609.0
